{
    "name": "root",
    "gauges": {
        "ALJV.Policy.Entropy.mean": {
            "value": 1.1749695539474487,
            "min": 1.1749695539474487,
            "max": 1.4256377220153809,
            "count": 169
        },
        "ALJV.Policy.Entropy.sum": {
            "value": 35425.33203125,
            "min": 35091.984375,
            "max": 51080.51171875,
            "count": 169
        },
        "ALJV.Environment.EpisodeLength.mean": {
            "value": 79.67553191489361,
            "min": 77.5578947368421,
            "max": 7396.0,
            "count": 169
        },
        "ALJV.Environment.EpisodeLength.sum": {
            "value": 29958.0,
            "min": 4081.0,
            "max": 51772.0,
            "count": 169
        },
        "ALJV.Step.mean": {
            "value": 5069947.0,
            "min": 29087.0,
            "max": 5069947.0,
            "count": 169
        },
        "ALJV.Step.sum": {
            "value": 5069947.0,
            "min": 29087.0,
            "max": 5069947.0,
            "count": 169
        },
        "ALJV.Policy.ExtrinsicValueEstimate.mean": {
            "value": 763.1734008789062,
            "min": -1.0970535278320312,
            "max": 791.2291259765625,
            "count": 169
        },
        "ALJV.Policy.ExtrinsicValueEstimate.sum": {
            "value": 285426.84375,
            "min": -36.20276641845703,
            "max": 297150.84375,
            "count": 169
        },
        "ALJV.Environment.CumulativeReward.mean": {
            "value": 925.6114743871485,
            "min": -241.5344521658761,
            "max": 980.9213352203369,
            "count": 169
        },
        "ALJV.Environment.CumulativeReward.sum": {
            "value": 346178.69142079353,
            "min": -1690.7411651611328,
            "max": 359196.5315272808,
            "count": 169
        },
        "ALJV.Policy.ExtrinsicReward.mean": {
            "value": 925.6114743871485,
            "min": -241.5344521658761,
            "max": 980.9213352203369,
            "count": 169
        },
        "ALJV.Policy.ExtrinsicReward.sum": {
            "value": 346178.69142079353,
            "min": -1690.7411651611328,
            "max": 359196.5315272808,
            "count": 169
        },
        "ALJV.Losses.PolicyLoss.mean": {
            "value": 0.011236065538044689,
            "min": 0.011236065538044689,
            "max": 0.02281033037773644,
            "count": 169
        },
        "ALJV.Losses.PolicyLoss.sum": {
            "value": 0.011236065538044689,
            "min": 0.011236065538044689,
            "max": 0.04229266671779139,
            "count": 169
        },
        "ALJV.Losses.ValueLoss.mean": {
            "value": 1963.4213012695313,
            "min": 0.6210458487272262,
            "max": 5056.071508789062,
            "count": 169
        },
        "ALJV.Losses.ValueLoss.sum": {
            "value": 1963.4213012695313,
            "min": 0.6210458487272262,
            "max": 10048.554833984374,
            "count": 169
        },
        "ALJV.Policy.LearningRate.mean": {
            "value": 0.00024943486685505,
            "min": 0.00024943486685505,
            "max": 0.00029975913008028994,
            "count": 169
        },
        "ALJV.Policy.LearningRate.sum": {
            "value": 0.00024943486685505,
            "min": 0.00024943486685505,
            "max": 0.0005984783705072101,
            "count": 169
        },
        "ALJV.Policy.Epsilon.mean": {
            "value": 0.18314495,
            "min": 0.18314495,
            "max": 0.19991971,
            "count": 169
        },
        "ALJV.Policy.Epsilon.sum": {
            "value": 0.18314495,
            "min": 0.18314495,
            "max": 0.39949279000000004,
            "count": 169
        },
        "ALJV.Policy.Beta.mean": {
            "value": 0.0041589330050000005,
            "min": 0.0041589330050000005,
            "max": 0.004995993529,
            "count": 169
        },
        "ALJV.Policy.Beta.sum": {
            "value": 0.0041589330050000005,
            "min": 0.0041589330050000005,
            "max": 0.009974690221000001,
            "count": 169
        },
        "ALJV.IsTraining.mean": {
            "value": 1.0,
            "min": 1.0,
            "max": 1.0,
            "count": 169
        },
        "ALJV.IsTraining.sum": {
            "value": 1.0,
            "min": 1.0,
            "max": 1.0,
            "count": 169
        }
    },
    "metadata": {
        "timer_format_version": "0.1.0",
        "start_time_seconds": "1713178054",
        "python_version": "3.10.12 | packaged by Anaconda, Inc. | (main, Jul  5 2023, 19:01:18) [MSC v.1916 64 bit (AMD64)]",
        "command_line_arguments": "D:\\Programs\\anaconda3\\envs\\mlagents\\Scripts\\mlagents-learn --run-id=TEST --force config\\aljv-params.yaml",
        "mlagents_version": "1.0.0",
        "mlagents_envs_version": "1.0.0",
        "communication_protocol_version": "1.5.0",
        "pytorch_version": "1.13.1+cu117",
        "numpy_version": "1.23.5",
        "end_time_seconds": "1713184495"
    },
    "total": 6440.258842900017,
    "count": 1,
    "self": 0.015752800012705848,
    "children": {
        "run_training.setup": {
            "total": 0.10975679999683052,
            "count": 1,
            "self": 0.10975679999683052
        },
        "TrainerController.start_learning": {
            "total": 6440.1333333000075,
            "count": 1,
            "self": 13.36251048304257,
            "children": {
                "TrainerController._reset_env": {
                    "total": 10.017878499988,
                    "count": 1,
                    "self": 10.017878499988
                },
                "TrainerController.advance": {
                    "total": 6416.59629721698,
                    "count": 566435,
                    "self": 12.912088701443281,
                    "children": {
                        "env_step": {
                            "total": 4884.72910140382,
                            "count": 566435,
                            "self": 2899.609874400194,
                            "children": {
                                "SubprocessEnvManager._take_step": {
                                    "total": 1977.177743910579,
                                    "count": 566435,
                                    "self": 47.55573029973311,
                                    "children": {
                                        "TorchPolicy.evaluate": {
                                            "total": 1929.622013610846,
                                            "count": 566435,
                                            "self": 1929.622013610846
                                        }
                                    }
                                },
                                "workers": {
                                    "total": 7.941483093047282,
                                    "count": 566435,
                                    "self": 0.0,
                                    "children": {
                                        "worker_root": {
                                            "total": 6412.326292300248,
                                            "count": 566435,
                                            "is_parallel": true,
                                            "self": 4277.94712049354,
                                            "children": {
                                                "steps_from_proto": {
                                                    "total": 0.0004332000098656863,
                                                    "count": 1,
                                                    "is_parallel": true,
                                                    "self": 0.00013580001541413367,