{
    "name": "root",
    "gauges": {
        "ALJV.Policy.Entropy.mean": {
            "value": 1.1226756572723389,
            "min": 1.1226756572723389,
            "max": 1.3431236743927002,
            "count": 63
        },
        "ALJV.Policy.Entropy.sum": {
            "value": 57088.05859375,
            "min": 48352.453125,
            "max": 70279.5078125,
            "count": 63
        },
        "ALJV.Environment.EpisodeLength.mean": {
            "value": 978.4807692307693,
            "min": 812.6666666666666,
            "max": 2846.315789473684,
            "count": 63
        },
        "ALJV.Environment.EpisodeLength.sum": {
            "value": 50881.0,
            "min": 19504.0,
            "max": 64253.0,
            "count": 63
        },
        "ALJV.Step.mean": {
            "value": 4199495.0,
            "min": 1099175.0,
            "max": 4199495.0,
            "count": 63
        },
        "ALJV.Step.sum": {
            "value": 4199495.0,
            "min": 1099175.0,
            "max": 4199495.0,
            "count": 63
        },
        "ALJV.Policy.ExtrinsicValueEstimate.mean": {
            "value": -14.098512649536133,
            "min": -15.674779891967773,
            "max": -4.156659126281738,
            "count": 63
        },
        "ALJV.Policy.ExtrinsicValueEstimate.sum": {
            "value": -1071.4869384765625,
            "min": -1174.6597900390625,
            "max": -253.55621337890625,
            "count": 63
        },
        "ALJV.Policy.GailValueEstimate.mean": {
            "value": -0.06488906592130661,
            "min": -0.2729630172252655,
            "max": 0.16166266798973083,
            "count": 63
        },
        "ALJV.Policy.GailValueEstimate.sum": {
            "value": -4.9315690994262695,
            "min": -17.469633102416992,
            "max": 9.861422538757324,
            "count": 63
        },
        "ALJV.Environment.CumulativeReward.mean": {
            "value": -143.24601134599425,
            "min": -334.0499736997816,
            "max": -131.50267800262995,
            "count": 63
        },
        "ALJV.Environment.CumulativeReward.sum": {
            "value": -7305.546578645706,
            "min": -8927.860967636108,
            "max": -3091.5307483673096,
            "count": 63
        },
        "ALJV.Policy.ExtrinsicReward.mean": {
            "value": -143.24601134599425,
            "min": -334.0499736997816,
            "max": -131.50267800262995,
            "count": 63
        },
        "ALJV.Policy.ExtrinsicReward.sum": {
            "value": -7305.546578645706,
            "min": -8927.860967636108,
            "max": -3091.5307483673096,
            "count": 63
        },
        "ALJV.Policy.GailReward.mean": {
            "value": 0.0,
            "min": 0.0,
            "max": 0.0,
            "count": 63
        },
        "ALJV.Policy.GailReward.sum": {
            "value": 0.0,
            "min": 0.0,
            "max": 0.0,
            "count": 63
        },
        "ALJV.IsTraining.mean": {
            "value": 1.0,
            "min": 1.0,
            "max": 1.0,
            "count": 63
        },
        "ALJV.IsTraining.sum": {
            "value": 1.0,
            "min": 1.0,
            "max": 1.0,
            "count": 63
        },
        "ALJV.Losses.PolicyLoss.mean": {
            "value": 0.010593750576178233,
            "min": 0.00935289425154527,
            "max": 0.01491970162993918,
            "count": 62
        },
        "ALJV.Losses.PolicyLoss.sum": {
            "value": 0.010593750576178233,
            "min": 0.00935289425154527,
            "max": 0.027767930055658023,
            "count": 62
        },
        "ALJV.Losses.ValueLoss.mean": {
            "value": 0.9028537730375926,
            "min": 0.4855853150288264,
            "max": 348.0660067240397,
            "count": 62
        },
        "ALJV.Losses.ValueLoss.sum": {
            "value": 0.9028537730375926,
            "min": 0.4855853150288264,
            "max": 348.0660067240397,
            "count": 62
        },
        "ALJV.Policy.LearningRate.mean": {
            "value": 0.0002582649039117034,
            "min": 0.0002582649039117034,
            "max": 0.0002887066537644499,
            "count": 62
        },
        "ALJV.Policy.LearningRate.sum": {
            "value": 0.0002582649039117034,
            "min": 0.0002582649039117034,
            "max": 0.0005774133075288998,
            "count": 62
        },
        "ALJV.Policy.Epsilon.mean": {
            "value": 0.18608829666666674,
            "min": 0.18608829666666674,
            "max": 0.19623554999999998,
            "count": 62
        },
        "ALJV.Policy.Epsilon.sum": {
            "value": 0.18608829666666674,
            "min": 0.18608829666666674,
            "max": 0.39247109999999996,
            "count": 62
        },
        "ALJV.Policy.Beta.mean": {
            "value": 0.004305806003666668,
            "min": 0.004305806003666668,
            "max": 0.004812153945,
            "count": 62
        },
        "ALJV.Policy.Beta.sum": {
            "value": 0.004305806003666668,
            "min": 0.004305806003666668,
            "max": 0.00962430789,
            "count": 62
        },
        "ALJV.Policy.GAILPolicyEstimate.mean": {
            "value": 0.11101984679698944,
            "min": 0.09398346518476804,
            "max": 0.19991614172856015,
            "count": 62
        },
        "ALJV.Policy.GAILPolicyEstimate.sum": {
            "value": 0.11101984679698944,
            "min": 0.09398346518476804,
            "max": 0.3998322834571203,
            "count": 62
        },
        "ALJV.Policy.GAILExpertEstimate.mean": {
            "value": 0.8948403199513754,
            "min": 0.799223185578982,
            "max": 0.9096023182074229,
            "count": 62
        },
        "ALJV.Policy.GAILExpertEstimate.sum": {
            "value": 0.8948403199513754,
            "min": 0.8067882835865021,
            "max": 1.7793072243531545,
            "count": 62
        },
        "ALJV.Losses.GAILLoss.mean": {
            "value": 0.29610225359598796,
            "min": 0.25194914390643436,
            "max": 0.5247206379969915,
            "count": 62
        },
        "ALJV.Losses.GAILLoss.sum": {
            "value": 0.29610225359598796,
            "min": 0.25194914390643436,
            "max": 1.049441275993983,
            "count": 62
        },
        "ALJV.Policy.GAILGradMagLoss.mean": {
            "value": 0.03984103805075089,
            "min": 0.03802215767403443,
            "max": 0.10356653432051341,
            "count": 62
        },
        "ALJV.Policy.GAILGradMagLoss.sum": {
            "value": 0.03984103805075089,
            "min": 0.03802215767403443,
            "max": 0.20713306864102682,
            "count": 62
        },
        "ALJV.Losses.PretrainingLoss.mean": {
            "value": 0.5541107787026299,
            "min": 0.5541107787026299,
            "max": 0.8529736681116953,
            "count": 62
        },
        "ALJV.Losses.PretrainingLoss.sum": {
            "value": 0.5541107787026299,
            "min": 0.5541107787026299,
            "max": 1.7059473362233906,
            "count": 62
        }
    },
    "metadata": {
        "timer_format_version": "0.1.0",
        "start_time_seconds": "1716800044",
        "python_version": "3.10.12 | packaged by Anaconda, Inc. | (main, Jul  5 2023, 19:01:18) [MSC v.1916 64 bit (AMD64)]",
        "command_line_arguments": "D:\\Programs\\anaconda3\\envs\\mlagents\\Scripts\\mlagents-learn config/final-params.yaml --run-id=WalkJumpDemoStages1.2 --resume",
        "mlagents_version": "1.0.0",
        "mlagents_envs_version": "1.0.0",
        "communication_protocol_version": "1.5.0",
        "pytorch_version": "1.13.1+cu117",
        "numpy_version": "1.23.5",
        "end_time_seconds": "1716808212"
    },
    "total": 8167.781167400011,
    "count": 1,